JUSTINBRAVO,-250.0,fixed_amount,1,,Active,2019-09-03 12:38:45 -0400,2019-09-30 23:59:59 -0400
CYBER,-150.0,fixed_amount,0,,Active,2019-08-27 08:34:42 -0400,
VERGE,-150.0,fixed_amount,0,,Active,2019-08-27 08:32:49 -0400,
WAYPOINT,-150.0,fixed_amount,1,,Active,2019-08-27 05:28:44 -0400,
HOWTO,-150.0,fixed_amount,0,,Active,2019-08-27 05:28:04 -0400,
VERGECAST,-150.0,fixed_amount,0,,Active,2019-08-27 05:26:59 -0400,
WEEDS,-150.0,fixed_amount,0,,Active,2019-08-27 05:24:53 -0400,
EZRA,-150.0,fixed_amount,0,,Active,2019-08-27 05:24:21 -0400,
ALLFANTASY,-150.0,fixed_amount,0,,Active,2019-08-27 05:23:16 -0400,
SR150,-150.0,fixed_amount,0,,Active,2019-09-01 00:00:49 -0400,2019-10-01 23:59:59 -0400
SH150,-150.0,fixed_amount,0,,Active,2019-09-01 00:00:06 -0400,2019-10-01 23:59:59 -0400
MV150,-150.0,fixed_amount,0,,Active,2019-09-01 15:17:23 -0400,2019-10-01 23:59:59 -0400
LG150,-150.0,fixed_amount,0,,Active,2019-09-01 00:00:42 -0400,2019-10-01 23:59:59 -0400
JV150,-150.0,fixed_amount,0,,Active,2019-09-01 00:00:03 -0400,2019-10-01 23:59:59 -0400
JS150,-150.0,fixed_amount,0,,Active,2019-09-01 00:00:19 -0400,2019-10-01 23:59:59 -0400
EM150,-150.0,fixed_amount,0,,Active,2019-09-01 00:00:12 -0400,2019-10-01 23:59:59 -0400
AG150,-150.0,fixed_amount,0,,Active,2019-09-01 00:00:12 -0400,2019-10-01 23:59:59 -0400
AC150,-150.0,fixed_amount,0,,Active,2019-09-01 00:00:58 -0400,2019-10-01 23:59:59 -0400
2PILLOW,-100.0,percentage,0,,Active,2019-08-19 17:52:16 -0400,
LABORDAYGB,0.0,fixed_amount,311,,Active,2019-08-15 17:06:05 -0400,
TESTGB,-100.0,percentage,0,,Active,2019-08-15 16:39:39 -0400,
23ANDME,-600.0,fixed_amount,0,,Active,2019-08-15 15:33:59 -0400,
MDS150,-150.0,fixed_amount,1,,Active,2019-08-13 18:20:55 -0400,
8SARAMC,-150.0,fixed_amount,2,20,Active,2019-08-08 21:36:44 -0400,
8GABRIELS,-150.0,fixed_amount,0,20,Active,2019-08-08 21:32:53 -0400,
8MOSHEL,-150.0,fixed_amount,0,20,Active,2019-08-08 21:29:07 -0400,
TUCK150,-150.0,fixed_amount,31,,Active,2019-08-07 16:27:53 -0400,
SLEEP150,-150.0,fixed_amount,7,,Active,2019-08-06 10:54:11 -0400,
JAY,-150.0,fixed_amount,0,,Active,2019-08-05 05:49:41 -0400,
EVENTURES6,-1400.0,fixed_amount,1,1,Active,2019-07-31 17:41:04 -0400,
COOL4,-150.0,fixed_amount,1,,Active,2019-07-30 17:59:31 -0400,
COOL3,-150.0,fixed_amount,17,,Active,2019-07-30 17:58:17 -0400,
COOL2,-150.0,fixed_amount,2,,Active,2019-07-30 17:57:20 -0400,
COOL1,-150.0,fixed_amount,2,,Active,2019-07-30 17:44:06 -0400,
EVENTURES5,-1400.0,fixed_amount,1,1,Active,2019-07-30 16:09:50 -0400,
EVENTURES4,-1400.0,fixed_amount,1,1,Active,2019-07-30 16:09:16 -0400,
EVENTURES3,-1400.0,fixed_amount,0,1,Active,2019-07-30 16:08:47 -0400,
EVENTURES2,-1400.0,fixed_amount,0,1,Active,2019-07-30 16:07:02 -0400,
EVENTURES,-1400.0,fixed_amount,1,1,Active,2019-07-30 15:41:36 -0400,
GOODNIGHT,-250.0,fixed_amount,7,,Active,2019-07-26 10:48:19 -0400,
SMILE,-150.0,fixed_amount,0,,Active,2019-07-24 05:54:51 -0400,
LAUGH,-150.0,fixed_amount,0,,Active,2019-07-24 05:54:26 -0400,
PLAY,-150.0,fixed_amount,0,,Active,2019-07-24 05:54:01 -0400,
STORY,-150.0,fixed_amount,4,,Active,2019-07-24 05:52:55 -0400,
TALK,-150.0,fixed_amount,0,,Active,2019-07-24 05:51:47 -0400,
SHOWFIELDSFREE,-100.0,percentage,0,,Active,2019-07-17 10:46:55 -0400,
COOL,-150.0,fixed_amount,0,,Active,2019-07-29 11:41:22 -0400,
PHAM,-250.0,fixed_amount,1,,Active,2019-07-11 21:42:46 -0400,
ADAM,-150.0,fixed_amount,1,,Active,2019-07-08 13:31:03 -0400,
CART,-150.0,fixed_amount,8,,Active,2019-07-08 10:47:44 -0400,
Mijiantest,-2544.0,fixed_amount,1,,Active,2019-06-28 17:17:39 -0400,
MONEY,-150.0,fixed_amount,0,,Active,2019-06-27 11:46:15 -0400,
BURN,-150.0,fixed_amount,0,,Active,2019-06-27 11:45:09 -0400,
VSIN,-150.0,fixed_amount,1,,Active,2019-06-27 11:44:21 -0400,
GAME,-150.0,fixed_amount,0,,Active,2019-06-27 11:43:05 -0400,
BULWARK,-150.0,fixed_amount,1,,Active,2019-06-27 11:41:37 -0400,
THOM,-150.0,fixed_amount,0,,Active,2019-06-27 11:39:26 -0400,
COOL150,-150.0,fixed_amount,0,,Active,2019-06-24 15:14:41 -0400,
BELMONT,-250.0,fixed_amount,0,,Active,2019-06-21 18:44:36 -0400,
AUTHENTECH,-150.0,fixed_amount,9,,Active,2019-06-20 13:02:37 -0400,
FRIENDOF8,-150.0,fixed_amount,0,,Active,2019-06-20 11:26:27 -0400,
8MATTEO200,-200.0,fixed_amount,0,,Active,2019-06-14 10:43:59 -0400,
GIRL150,-150.0,fixed_amount,0,,Active,2019-06-12 18:40:21 -0400,
SLEEPWALKERS,-150.0,fixed_amount,0,,Active,2019-06-06 07:37:59 -0400,
MEMORY,-150.0,fixed_amount,1,,Active,2019-06-06 07:37:27 -0400,
TBTL,-150.0,fixed_amount,1,,Active,2019-06-06 07:21:50 -0400,
GIST,-150.0,fixed_amount,0,,Active,2019-06-06 07:21:08 -0400,
MANLINESS,-150.0,fixed_amount,1,,Active,2019-06-06 07:20:31 -0400,
OUTKICK,-150.0,fixed_amount,0,,Active,2019-06-05 04:56:29 -0400,
DOUBT,-150.0,fixed_amount,0,,Active,2019-06-05 04:55:52 -0400,
LOVE,-150.0,fixed_amount,0,,Active,2019-06-05 04:53:56 -0400,
THEORY,-150.0,fixed_amount,0,,Active,2019-06-05 04:28:59 -0400,
NBA,-150.0,fixed_amount,0,,Active,2019-06-05 04:27:57 -0400,
FINDINGMASTERY,-150.0,fixed_amount,14,,Active,2019-05-28 17:47:18 -0400,
SHARMA250,-250.0,fixed_amount,0,20,Active,2019-05-24 07:16:55 -0400,
GREGMARTINEZ,-250.0,fixed_amount,5,,Active,2019-05-22 15:16:21 -0400,
FGX800,-800.0,fixed_amount,2,20,Active,2019-05-15 20:37:31 -0400,2019-09-30 00:00:00 -0400
SAMSUNG125,-125.0,fixed_amount,2,,Active,2019-05-16 07:08:32 -0400,
VALPAK,-150.0,fixed_amount,1,,Active,2019-05-07 20:12:16 -0400,
INVESTOR,-150.0,fixed_amount,0,,Active,2019-05-07 16:09:38 -0400,
SUPER,-150.0,fixed_amount,0,,Active,2019-05-07 16:08:42 -0400,
MARIA390,-390.0,fixed_amount,1,2,Active,2019-04-30 15:39:40 -0400,
SHOWFIELDS,-150.0,fixed_amount,7,,Active,2019-04-25 14:47:36 -0400,
COMEDY,-150.0,fixed_amount,0,,Active,2019-04-24 08:23:19 -0400,
AXIOS,-150.0,fixed_amount,1,,Active,2019-04-17 13:34:33 -0400,
DELIVERY,0.0,fixed_amount,12,,Active,2019-04-01 15:52:45 -0400,
BADCHRISTIAN,-150.0,fixed_amount,0,,Active,2019-03-26 17:56:00 -0400,
HEALTH,-150.0,fixed_amount,7,,Active,2019-03-25 21:35:16 -0400,
FRIENDS,-150.0,fixed_amount,0,,Active,2019-03-25 21:34:51 -0400,
BC,-150.0,fixed_amount,0,,Active,2019-03-25 21:21:18 -0400,
WORLD,-150.0,fixed_amount,0,,Active,2019-03-22 12:17:53 -0400,
TWENTY,-150.0,fixed_amount,0,,Active,2019-03-22 12:17:14 -0400,
20,-150.0,fixed_amount,0,,Active,2019-03-22 12:15:27 -0400,
TWIST,-150.0,fixed_amount,4,,Active,2019-03-15 17:22:31 -0400,
MINT20,-20.0,percentage,0,,Active,2019-03-14 17:30:16 -0400,
20FITNESS,-150.0,fixed_amount,1,,Active,2019-03-06 11:18:20 -0500,
Teacher Discount (do not delete or modify),-10.0,percentage,0,1,Active,2016-12-31 19:00:00 -0500,
FULL2QUEEN,-200.0,fixed_amount,8,,Active,2019-02-26 10:04:21 -0500,
TESTPULL,-100.0,fixed_amount,0,,Active,2019-02-25 05:07:45 -0500,
WOVE,-200.0,fixed_amount,17,,Active,2019-02-22 15:50:07 -0500,
SLEEPCOOL,-200.0,fixed_amount,8,,Active,2019-02-22 15:32:57 -0500,
SMARTBED100,-100.0,fixed_amount,193,,Active,2019-02-21 10:46:22 -0500,
SHERPA200,-200.0,fixed_amount,212,,Active,2019-02-21 09:40:01 -0500,
AFF150,-150.0,fixed_amount,494,,Active,2019-02-12 18:29:26 -0500,
BREW,-150.0,fixed_amount,20,,Active,2019-02-11 21:30:41 -0500,
TAI,-150.0,fixed_amount,1,,Active,2019-02-11 19:37:52 -0500,
JORDAN,-150.0,fixed_amount,8,,Active,2019-02-11 19:37:04 -0500,
JAMES,-150.0,fixed_amount,0,,Active,2019-02-11 19:34:37 -0500,
GREAT,-150.0,fixed_amount,2,,Active,2019-02-11 19:33:36 -0500,
CHARM,-150.0,fixed_amount,1,,Active,2019-02-11 19:32:43 -0500,
NEWS,-150.0,fixed_amount,17,,Active,2019-02-11 12:24:48 -0500,
SPORTS,-150.0,fixed_amount,4,,Active,2019-02-11 12:24:11 -0500,
PATRICK,-150.0,fixed_amount,1,,Active,2019-02-11 11:56:46 -0500,
HUSTLE,-150.0,fixed_amount,12,,Active,2019-02-11 11:53:23 -0500,
PRSUIT,-150.0,fixed_amount,0,,Active,2019-02-11 11:52:54 -0500,
FFPOD,-600.0,fixed_amount,94,,Active,2019-02-11 11:50:59 -0500,
MYPOD,-500.0,fixed_amount,30,,Active,2019-02-11 11:49:58 -0500,
GETPOD,-500.0,fixed_amount,97,,Active,2019-02-11 11:49:11 -0500,
TRACKPOD,-500.0,fixed_amount,6,,Active,2019-02-11 11:48:15 -0500,
IGGPOD,-500.0,fixed_amount,7,,Active,2019-02-11 11:46:18 -0500,
VIPPOD,-600.0,fixed_amount,7,,Active,2019-02-11 11:45:58 -0500,
REMPOD,-600.0,fixed_amount,7,,Active,2019-02-11 11:45:30 -0500,
JEFF250,-250.0,fixed_amount,0,1,Active,2019-01-29 10:58:54 -0500,2019-12-29 00:00:00 -0500
300ONETIME,-300.0,fixed_amount,0,1,Active,2019-01-14 14:13:43 -0500,
2019SLEEP,-150.0,fixed_amount,28,,Active,2019-01-03 03:38:24 -0500,
CM-200,-200.0,fixed_amount,144,,Active,2018-11-25 14:13:51 -0500,
BF-100,-100.0,fixed_amount,114,,Active,2018-11-22 07:56:03 -0500,
PRE-BF-100,-100.0,fixed_amount,21,,Active,2018-11-19 10:24:09 -0500,
TRUESELF100,-100.0,fixed_amount,0,,Active,2018-10-29 18:26:21 -0400,
JOURNIEST100,-100.0,fixed_amount,0,,Active,2018-10-29 18:25:44 -0400,
GEARBRAIN100,-100.0,fixed_amount,0,,Active,2018-10-29 18:24:58 -0400,
POPDUST100,-100.0,fixed_amount,0,,Active,2018-10-29 18:23:36 -0400,
TOPDUST100,-100.0,fixed_amount,0,,Active,2018-10-29 14:37:25 -0400,
FRIENDS-FAMILY-100,-100.0,fixed_amount,187,,Active,2018-10-22 11:41:47 -0400,
SUITEVISIT10118,-100.0,fixed_amount,1,1,Active,2018-10-03 13:34:36 -0400,
WYNDELL100,-100.0,fixed_amount,0,1,Active,2018-09-24 18:00:12 -0400,
ANDRIYSTEST,-100.0,percentage,13,,Active,2018-09-19 12:39:13 -0400,
SLUMBERYARD,-50.0,fixed_amount,0,,Active,2018-09-05 11:28:30 -0400,
RIZKNOWS,-50.0,fixed_amount,0,,Active,2018-09-05 11:27:33 -0400,
ANDRIYTEST2,-100.0,percentage,93,,Active,2018-08-29 16:48:17 -0400,
ELEVATE250,-250.0,fixed_amount,0,,Active,2018-08-27 09:54:00 -0400,
BURLESON100,-100.0,fixed_amount,0,,Active,2018-08-24 09:33:30 -0400,
Dockweiler100,-100.0,fixed_amount,0,,Active,2018-08-24 09:27:11 -0400,
BOS100,-100.0,fixed_amount,0,,Active,2018-08-24 09:18:16 -0400,
TESTA100,-100.0,fixed_amount,0,,Active,2018-08-23 11:12:10 -0400,
ACCESS100,-100.0,fixed_amount,0,,Active,2018-08-13 16:59:26 -0400,
NOSWEAT,-50.0,fixed_amount,14,,Active,2018-08-09 10:31:28 -0400,
XB01D0VB1AAK,-150.0,fixed_amount,0,1,Active,2018-08-09 10:29:55 -0400,
BMORG75,-75.0,fixed_amount,0,,Active,2018-08-08 14:02:04 -0400,
BMORG50,-50.0,fixed_amount,0,,Active,2018-08-07 16:13:07 -0400,
14PE258QCTZA,-150.0,fixed_amount,0,1,Active,2018-08-05 13:19:42 -0400,
NOWELL100,-100.0,fixed_amount,0,,Active,2018-08-03 09:18:20 -0400,
CHILL50,-50.0,fixed_amount,84,,Active,2018-07-27 13:48:20 -0400,
NB50,-50.0,fixed_amount,0,,Active,2018-07-20 17:53:09 -0400,
PROTECT20,-20.0,fixed_amount,5,,Active,2018-06-28 09:16:37 -0400,
UPSLOPE225,-225.0,fixed_amount,0,,Active,2018-06-20 19:35:06 -0400,
VSTR84658074,-50.0,fixed_amount,0,1,Active,2018-06-23 23:30:00 -0400,
TUCK50,-50.0,fixed_amount,24,,Active,2018-06-08 11:38:15 -0400,
AZURECEO2018,-200.0,fixed_amount,0,,Active,2018-06-02 09:20:57 -0400,
SD50,-50.0,fixed_amount,0,,Active,2018-05-21 17:27:01 -0400,
Student Discount (do not delete or modify),-10.0,percentage,198,1,Active,2016-12-31 19:00:00 -0500,
MAY50,-50.0,fixed_amount,2,,Active,2018-05-07 12:32:35 -0400,
TRELLIS_F&F,-100.0,fixed_amount,0,3,Active,2018-05-07 12:30:07 -0400,
TRYMATTRESS,-50.0,fixed_amount,0,,Active,2018-05-02 10:25:33 -0400,
SWAMI,-50.0,fixed_amount,0,,Active,2018-05-01 17:59:32 -0400,
COUPONUSER25,-25.0,fixed_amount,0,,Active,2018-04-16 10:42:53 -0400,
TMFRIENDS,-250.0,fixed_amount,1,,Active,2018-04-10 14:27:27 -0400,
Q31HQKCPZ0NJ,-75.0,fixed_amount,1,,Active,2018-03-21 13:07:40 -0400,
REFER75,-75.0,fixed_amount,0,,Active,2018-03-21 11:44:31 -0400,
Refer A Friend $75 off,-75.0,fixed_amount,0,1,Active,2018-03-15 15:28:00 -0400,
A1PADF5BSG7P,-100.0,fixed_amount,0,,Active,2018-03-13 19:06:13 -0400,
50GAPJKTG49D,-100.0,fixed_amount,0,,Active,2018-03-13 18:21:49 -0400,
SPRINGBED,-50.0,fixed_amount,0,,Active,2018-03-12 15:31:17 -0400,
WELCOME25,-25.0,fixed_amount,3,,Active,2018-03-12 13:02:44 -0400,
SUITEVIP75,-75.0,fixed_amount,3,,Active,2018-03-09 19:00:44 -0500,
S4CMDKBB962Y,-200.0,fixed_amount,0,1,Active,2018-03-09 18:56:28 -0500,
SLEEPAFF25,-25.0,fixed_amount,162,,Active,2018-03-09 13:49:08 -0500,
NSZJ5C8AYZBA,-100.0,fixed_amount,0,,Active,2018-03-07 19:56:15 -0500,
H7K3QZVA3HM3,-30.0,percentage,0,,Active,2018-03-06 16:00:26 -0500,
BounceX $50 off mattresses (final),-50.0,fixed_amount,516,1,Active,2018-03-05 10:35:00 -0500,
SITEISSUE50,-50.0,fixed_amount,1,5,Active,2018-03-01 16:17:21 -0500,
COOL25LAB,-25.0,fixed_amount,2,,Active,2018-03-01 11:19:17 -0500,
BounceX $50 off mattresses,-50.0,fixed_amount,0,,Active,2018-02-20 16:34:00 -0500,
DRCS5J9YYTXV,-20.0,percentage,0,1,Active,2018-02-17 11:30:12 -0500,
Saturn+ NPS - 50% off accessories,-50.0,percentage,1,1,Active,2018-02-13 12:30:00 -0500,
BSI125,-125.0,fixed_amount,0,,Active,2018-02-10 12:42:11 -0500,
BSI250,-250.0,fixed_amount,10,,Active,2018-02-10 12:41:10 -0500,
EIGHT50,-50.0,fixed_amount,4,,Active,2018-02-09 17:53:14 -0500,
NPS-BLISS,-50.0,percentage,1,1,Active,2018-02-09 14:33:00 -0500,
SURVEY50,-50.0,percentage,7,,Active,2018-01-26 17:15:33 -0500,
Purchaser Survey,-50.0,percentage,0,1,Active,2018-01-26 15:44:00 -0500,
SLEEPZOO,-50.0,fixed_amount,1,,Active,2018-01-22 15:40:28 -0500,
MM50,-50.0,fixed_amount,0,,Active,2018-01-16 18:19:15 -0500,
3C68BGG2RKW2,-100.0,percentage,3,10,Active,2018-01-16 06:23:50 -0500,
STUEMAIL10,-10.0,percentage,4,,Active,2018-01-14 08:02:03 -0500,
MILEMAIL10,-10.0,percentage,0,,Active,2018-01-14 07:54:16 -0500,
PILLOW25,-25.0,fixed_amount,3,,Active,2018-01-10 13:17:33 -0500,
FOUNDATION20,-20.0,percentage,1,,Active,2018-01-10 06:21:53 -0500,
SUSTAINABLE,-50.0,fixed_amount,0,,Active,2017-12-24 15:14:07 -0500,
MARCH100,-100.0,fixed_amount,0,,Active,2018-03-12 00:00:00 -0400,
MARCH50,-50.0,fixed_amount,0,,Active,2018-03-01 00:00:00 -0500,
FEB,-50.0,fixed_amount,0,,Active,2018-02-26 00:00:00 -0500,
TRACKER,-100.0,fixed_amount,99,,Active,2017-12-15 12:39:13 -0500,
JOSH250,-250.0,fixed_amount,0,1,Active,2017-12-09 22:32:10 -0500,
GALVANIZE125,-125.0,fixed_amount,0,,Active,2017-12-07 09:07:37 -0500,
ACCESS30,-30.0,percentage,10,,Active,2017-12-06 12:27:34 -0500,
ZEUS30,-30.0,percentage,1,1,Active,2017-12-05 13:38:37 -0500,
SHHH,-50.0,fixed_amount,0,,Active,2017-11-30 11:50:45 -0500,
TETA,-150.0,fixed_amount,5,,Active,2017-11-21 16:17:50 -0500,
PERKSPOT,-12.0,percentage,43,,Active,2017-11-20 15:37:44 -0500,
LITTLEDUCKS50,-50.0,fixed_amount,0,,Active,2017-11-14 13:52:41 -0500,
Military Discount (do not delete or modify),-10.0,percentage,247,1,Active,2016-12-31 19:00:00 -0500,
STUDENT15,-15.0,percentage,3,,Active,2017-10-04 12:08:00 -0400,
MILITARY15,-15.0,percentage,1,,Active,2017-10-04 12:07:48 -0400,
WIKIBUY,-50.0,fixed_amount,4,,Active,2018-04-24 10:40:48 -0400,
FRIENDS125,-125.0,fixed_amount,3,,Active,2017-09-19 13:21:51 -0400,
PREORDER,-37.5,fixed_amount,0,,Active,2017-09-19 11:45:26 -0400,
10OFF-2d8238d,-10.0,percentage,0,1,Active,2017-09-10 18:29:23 -0400,
10OFF-2739b88,-10.0,percentage,0,1,Active,2017-09-10 18:29:23 -0400,
10OFF-d3fbfd7,-10.0,percentage,0,1,Active,2017-09-10 18:29:23 -0400,
10OFF-eb1d542,-10.0,percentage,0,1,Active,2017-09-10 18:29:23 -0400,
10OFF-8cacdad,-10.0,percentage,0,1,Active,2017-09-10 18:29:23 -0400,
10OFF-2a94467,-10.0,percentage,0,1,Active,2017-09-10 18:29:23 -0400,
10OFF-507ea28,-10.0,percentage,0,1,Active,2017-09-10 18:29:23 -0400,
10OFF-f12823d,-10.0,percentage,0,1,Active,2017-09-10 18:29:23 -0400,
10OFF-beeddfa,-10.0,percentage,0,1,Active,2017-09-10 18:29:23 -0400,
10OFF-f4ff325,-10.0,percentage,0,1,Active,2017-09-10 18:29:23 -0400,
10OFF-183da38,-10.0,percentage,0,1,Active,2017-09-10 18:29:23 -0400,
10OFF-3c647a3,-10.0,percentage,0,1,Active,2017-09-10 18:29:23 -0400,
10OFF-e3dfb0a,-10.0,percentage,0,1,Active,2017-09-10 18:29:23 -0400,
10OFF-a769ef1,-10.0,percentage,0,1,Active,2017-09-10 18:29:23 -0400,
10OFF-ef1fd2b,-10.0,percentage,0,1,Active,2017-09-10 18:29:23 -0400,
10OFF-4e6f04b,-10.0,percentage,0,1,Active,2017-09-10 18:29:23 -0400,
10OFF-4ff72c3,-10.0,percentage,0,1,Active,2017-09-10 18:29:23 -0400,
10OFF-38059f9,-10.0,percentage,0,1,Active,2017-09-10 18:29:23 -0400,
10OFF-1c189a7,-10.0,percentage,0,1,Active,2017-09-10 18:29:23 -0400,
10OFF-1a05a65,-10.0,percentage,0,1,Active,2017-09-10 18:29:23 -0400,
10OFF-0f00a3b,-10.0,percentage,0,1,Active,2017-09-10 18:29:23 -0400,
10OFF-ecc38e9,-10.0,percentage,0,1,Active,2017-09-10 18:29:23 -0400,
10OFF-c892f82,-10.0,percentage,0,1,Active,2017-09-10 18:29:23 -0400,
10OFF-a49fb61,-10.0,percentage,0,1,Active,2017-09-10 18:29:23 -0400,
10OFF-7cf24cf,-10.0,percentage,0,1,Active,2017-09-10 18:29:23 -0400,
10OFF-5248f8d,-10.0,percentage,0,1,Active,2017-09-10 18:29:23 -0400,
10OFF-a7c5502,-10.0,percentage,0,1,Active,2017-09-10 18:29:23 -0400,
10OFF-f297bfd,-10.0,percentage,0,1,Active,2017-09-10 18:29:23 -0400,
10OFF-9c92467,-10.0,percentage,0,1,Active,2017-09-10 18:29:23 -0400,
10OFF-31d7f28,-10.0,percentage,0,1,Active,2017-09-10 18:29:23 -0400,
10OFF-5aeae1f,-10.0,percentage,0,1,Active,2017-09-10 18:29:23 -0400,
10OFF-2e74dc6,-10.0,percentage,0,1,Active,2017-09-10 18:29:23 -0400,
10OFF-a023513,-10.0,percentage,0,1,Active,2017-09-10 18:29:23 -0400,
GOLFSMARTER,-100.0,fixed_amount,0,,Active,2017-09-14 17:45:50 -0400,
PURSUIT,-100.0,fixed_amount,0,,Active,2017-09-14 17:44:05 -0400,
NERDY,-100.0,fixed_amount,0,,Active,2017-09-14 17:21:53 -0400,
10OFF-c0d1f35,-10.0,percentage,0,1,Active,2017-09-10 18:29:23 -0400,
10OFF-6307de7,-10.0,percentage,0,1,Active,2017-09-10 18:29:23 -0400,
10OFF-5daf2ee,-10.0,percentage,1,1,Active,2017-09-10 18:29:23 -0400,
10OFF-8551a81,-10.0,percentage,0,1,Active,2017-09-10 18:29:23 -0400,
10OFF-9cbd588,-10.0,percentage,0,1,Active,2017-09-10 18:29:23 -0400,
10OFF-8684343,-10.0,percentage,0,1,Active,2017-09-10 18:29:23 -0400,
10OFF-2b96709,-10.0,percentage,0,1,Active,2017-09-10 18:29:23 -0400,
10OFF-5c0c0fe,-10.0,percentage,0,1,Active,2017-09-10 18:29:23 -0400,
10OFF-a159067,-10.0,percentage,0,1,Active,2017-09-10 18:29:23 -0400,
10OFF-a606a88,-10.0,percentage,0,1,Active,2017-09-10 18:29:23 -0400,
10OFF-dac6ffb,-10.0,percentage,0,1,Active,2017-09-10 18:29:23 -0400,
10OFF-750ebd1,-10.0,percentage,0,1,Active,2017-09-10 18:29:23 -0400,
10OFF-d31b97d,-10.0,percentage,0,1,Active,2017-09-10 18:29:23 -0400,
10OFF-5a7d14f,-10.0,percentage,0,1,Active,2017-09-10 18:29:23 -0400,
10OFF-b181ece,-10.0,percentage,0,1,Active,2017-09-10 18:29:23 -0400,
10OFF-ef7454f,-10.0,percentage,0,1,Active,2017-09-10 18:29:23 -0400,
10OFF-f656d21,-10.0,percentage,0,1,Active,2017-09-10 18:29:23 -0400,
10OFF-70222a9,-10.0,percentage,0,1,Active,2017-09-10 18:29:23 -0400,
10OFF-91e4d6f,-10.0,percentage,0,1,Active,2017-09-10 18:29:23 -0400,
10OFF-9c7fa6f,-10.0,percentage,0,1,Active,2017-09-10 18:29:23 -0400,
10OFF-f4ca717,-10.0,percentage,0,1,Active,2017-09-10 18:29:23 -0400,
10OFF-cbea71c,-10.0,percentage,0,1,Active,2017-09-10 18:29:23 -0400,
10OFF-68d06a2,-10.0,percentage,0,1,Active,2017-09-10 18:29:23 -0400,
10OFF-f94fe6e,-10.0,percentage,0,1,Active,2017-09-10 18:29:23 -0400,
10OFF-f01e6fa,-10.0,percentage,0,1,Active,2017-09-10 18:29:23 -0400,
10OFF-eb07a5c,-10.0,percentage,0,1,Active,2017-09-10 18:29:23 -0400,
10OFF-000b9c6,-10.0,percentage,0,1,Active,2017-09-10 18:29:23 -0400,
10OFF-9a0dfd6,-10.0,percentage,0,1,Active,2017-09-10 18:29:23 -0400,
10OFF-643c851,-10.0,percentage,0,1,Active,2017-09-10 18:29:23 -0400,
10OFF-efe3015,-10.0,percentage,1,1,Active,2017-09-10 18:29:23 -0400,
10OFF-fdb2438,-10.0,percentage,0,1,Active,2017-09-10 18:29:23 -0400,
10OFF-4fe029e,-10.0,percentage,0,1,Active,2017-09-10 18:29:23 -0400,
10OFF-ff1f8bb,-10.0,percentage,0,1,Active,2017-09-10 18:29:23 -0400,
10OFF-5963f6d,-10.0,percentage,0,1,Active,2017-09-10 18:29:23 -0400,
10OFF-eb01715,-10.0,percentage,0,1,Active,2017-09-10 18:29:23 -0400,
10OFF-bea7206,-10.0,percentage,0,1,Active,2017-09-10 18:29:23 -0400,
10OFF-e7e8529,-10.0,percentage,0,1,Active,2017-09-10 18:29:23 -0400,
10OFF-a504469,-10.0,percentage,0,1,Active,2017-09-10 18:29:23 -0400,
10OFF-1a0ed77,-10.0,percentage,0,1,Active,2017-09-10 18:29:23 -0400,
10OFF-48a1d06,-10.0,percentage,0,1,Active,2017-09-10 18:29:23 -0400,
10OFF-a5c3ba5,-10.0,percentage,0,1,Active,2017-09-10 18:29:23 -0400,
10OFF-3156895,-10.0,percentage,0,1,Active,2017-09-10 18:29:23 -0400,
10OFF-395558f,-10.0,percentage,0,1,Active,2017-09-10 18:29:23 -0400,
10OFF-c65c4cc,-10.0,percentage,0,1,Active,2017-09-10 18:29:23 -0400,
10OFF-4495a46,-10.0,percentage,0,1,Active,2017-09-10 18:29:23 -0400,
10OFF-bf8613c,-10.0,percentage,0,1,Active,2017-09-10 18:29:23 -0400,
10OFF-dc13789,-10.0,percentage,0,1,Active,2017-09-10 18:29:23 -0400,
10OFF-f78a484,-10.0,percentage,0,1,Active,2017-09-10 18:29:23 -0400,
10OFF-3f13993,-10.0,percentage,0,1,Active,2017-09-10 18:29:23 -0400,
10OFF-a50100e,-10.0,percentage,0,1,Active,2017-09-10 18:29:23 -0400,
10OFF-5ed016a,-10.0,percentage,0,1,Active,2017-09-10 18:29:23 -0400,
10OFF-a1285a5,-10.0,percentage,0,1,Active,2017-09-10 18:29:23 -0400,
10OFF-475b762,-10.0,percentage,0,1,Active,2017-09-10 18:29:23 -0400,
10OFF-3c3c4ce,-10.0,percentage,0,1,Active,2017-09-10 18:29:23 -0400,
10OFF-c18c9b3,-10.0,percentage,0,1,Active,2017-09-10 18:29:23 -0400,
10OFF-a05d0bf,-10.0,percentage,0,1,Active,2017-09-10 18:29:23 -0400,
10OFF-d2e77f9,-10.0,percentage,0,1,Active,2017-09-10 18:29:23 -0400,
10OFF-9c4b722,-10.0,percentage,0,1,Active,2017-09-10 18:29:23 -0400,
10OFF-825a17b,-10.0,percentage,0,1,Active,2017-09-10 18:29:23 -0400,
10OFF-415cd1b,-10.0,percentage,0,1,Active,2017-09-10 18:29:23 -0400,
10OFF-ac98948,-10.0,percentage,0,1,Active,2017-09-10 18:29:23 -0400,
10OFF-aca5f0d,-10.0,percentage,0,1,Active,2017-09-10 18:29:23 -0400,
10OFF-b1ed7c2,-10.0,percentage,0,1,Active,2017-09-10 18:29:23 -0400,
10OFF-50f5e25,-10.0,percentage,0,1,Active,2017-09-10 18:29:23 -0400,
10OFF-b211fbe,-10.0,percentage,0,1,Active,2017-09-10 18:29:23 -0400,
10OFF-f619e0e,-10.0,percentage,0,1,Active,2017-09-10 18:29:23 -0400,
10OFF-58f36e3,-10.0,percentage,0,1,Active,2017-09-10 18:29:23 -0400,
IOT,-10.0,percentage,0,,Active,2017-09-08 14:21:26 -0400,
GALVANIZE,-10.0,percentage,0,,Active,2017-09-06 21:30:04 -0400,
ALLIN,-200.0,fixed_amount,0,,Active,2017-09-05 09:08:27 -0400,
SIMPLE,-50.0,fixed_amount,6,,Active,2017-09-03 09:01:25 -0400,
YCTRACKER,-125.0,fixed_amount,2,,Active,2017-08-23 14:00:15 -0400,
VETAD10,-10.0,percentage,3,,Active,2017-08-09 17:34:10 -0400,
TED50,-50.0,fixed_amount,2,,Active,2017-08-09 11:42:11 -0400,
COUPONSUCK50,-50.0,fixed_amount,0,,Active,2017-08-03 18:05:31 -0400,
MEMBER8,-8.0,percentage,0,,Active,2017-08-03 17:00:11 -0400,
CTP50,-50.0,fixed_amount,0,,Active,2017-07-31 11:34:23 -0400,
MFT50,-50.0,fixed_amount,0,,Active,2017-07-27 15:57:03 -0400,
THEMATTRESSGUY,-50.0,fixed_amount,0,,Active,2017-07-19 18:25:45 -0400,
EIGHTDTLA,-100.0,fixed_amount,0,,Active,2017-07-19 14:44:09 -0400,
FIRST-casb7adf,-10.0,percentage,0,1,Active,2017-07-14 00:00:00 -0400,
FIRST-9af9bt43,-10.0,percentage,0,1,Active,2017-07-14 00:00:00 -0400,
FIRST-5ddc446b,-10.0,percentage,0,1,Active,2017-07-14 00:00:00 -0400,
FIRST-8bsed59a,-10.0,percentage,0,1,Active,2017-07-14 00:00:00 -0400,
FIRST-ttcsd8cs,-10.0,percentage,0,1,Active,2017-07-14 00:00:00 -0400,
FIRST-54st92ab,-10.0,percentage,0,1,Active,2017-07-14 00:00:00 -0400,
FIRST-d5eb7ac9,-10.0,percentage,1,1,Active,2017-07-14 00:00:00 -0400,
FIRST-3ea38f46,-10.0,percentage,0,1,Active,2017-07-14 00:00:00 -0400,
FIRST-7badab8b,-10.0,percentage,0,1,Active,2017-07-14 00:00:00 -0400,
FIRST-6dsc5bbd,-10.0,percentage,0,1,Active,2017-07-14 00:00:00 -0400,
FIRST-b7f9c9b8,-10.0,percentage,0,1,Active,2017-07-14 00:00:00 -0400,
FIRST-3bst63ae,-10.0,percentage,1,1,Active,2017-07-14 00:00:00 -0400,
FIRST-ca46998s,-10.0,percentage,0,1,Active,2017-07-14 00:00:00 -0400,
FIRST-t4sfd3cd,-10.0,percentage,0,1,Active,2017-07-14 00:00:00 -0400,
FIRST-a5ccfa79,-10.0,percentage,1,1,Active,2017-07-14 00:00:00 -0400,
FIRST-527a4269,-10.0,percentage,0,1,Active,2017-07-14 00:00:00 -0400,
FIRST-a2c9t235,-10.0,percentage,0,1,Active,2017-07-14 00:00:00 -0400,
FIRST-22t8c25s,-10.0,percentage,0,1,Active,2017-07-14 00:00:00 -0400,
FIRST-b3t8as93,-10.0,percentage,0,1,Active,2017-07-14 00:00:00 -0400,
FIRST-babacfd8,-10.0,percentage,0,1,Active,2017-07-14 00:00:00 -0400,
FIRST-7fc46e29,-10.0,percentage,0,1,Active,2017-07-14 00:00:00 -0400,
FIRST-c2bsct4d,-10.0,percentage,0,1,Active,2017-07-14 00:00:00 -0400,
FIRST-65fs26as,-10.0,percentage,0,1,Active,2017-07-14 00:00:00 -0400,
FIRST-dae9bs78,-10.0,percentage,0,1,Active,2017-07-14 00:00:00 -0400,
FIRST-2sf8f695,-10.0,percentage,0,1,Active,2017-07-14 00:00:00 -0400,
FIRST-b7ddtc79,-10.0,percentage,1,1,Active,2017-07-14 00:00:00 -0400,
FIRST-s58ta834,-10.0,percentage,1,1,Active,2017-07-14 00:00:00 -0400,
FIRST-ac37ta6f,-10.0,percentage,1,1,Active,2017-07-14 00:00:00 -0400,
FIRST-72eec728,-10.0,percentage,1,1,Active,2017-07-14 00:00:00 -0400,
FIRST-bd8sbde6,-10.0,percentage,1,1,Active,2017-07-14 00:00:00 -0400,
FIRST-6e84sd89,-10.0,percentage,1,1,Active,2017-07-14 00:00:00 -0400,
FIRST-3a7t22s3,-10.0,percentage,0,1,Active,2017-07-14 00:00:00 -0400,
FIRST-7f9bc57a,-10.0,percentage,0,1,Active,2017-07-14 00:00:00 -0400,
FIRST-74c48d6d,-10.0,percentage,0,1,Active,2017-07-14 00:00:00 -0400,
FIRST-tecseds4,-10.0,percentage,1,1,Active,2017-07-14 00:00:00 -0400,
FIRST-798be2d5,-10.0,percentage,1,1,Active,2017-07-14 00:00:00 -0400,
FIRST-37995d38,-10.0,percentage,0,1,Active,2017-07-14 00:00:00 -0400,
FIRST-8e479ac3,-10.0,percentage,0,1,Active,2017-07-14 00:00:00 -0400,
FIRST-5b47et89,-10.0,percentage,0,1,Active,2017-07-14 00:00:00 -0400,
FIRST-sscc39fb,-10.0,percentage,1,1,Active,2017-07-14 00:00:00 -0400,
FIRST-d2d94ed3,-10.0,percentage,0,1,Active,2017-07-14 00:00:00 -0400,
FIRST-aca649d6,-10.0,percentage,0,1,Active,2017-07-14 00:00:00 -0400,
FIRST-d43c593e,-10.0,percentage,0,1,Active,2017-07-14 00:00:00 -0400,
FIRST-e26c23c2,-10.0,percentage,0,1,Active,2017-07-14 00:00:00 -0400,
FIRST-6af6936b,-10.0,percentage,0,1,Active,2017-07-14 00:00:00 -0400,
FIRST-47a4c8fb,-10.0,percentage,0,1,Active,2017-07-14 00:00:00 -0400,
FIRST-7taa942f,-10.0,percentage,0,1,Active,2017-07-14 00:00:00 -0400,
FIRST-tbf8fsdt,-10.0,percentage,1,1,Active,2017-07-14 00:00:00 -0400,
FIRST-eabs6tf5,-10.0,percentage,0,1,Active,2017-07-14 00:00:00 -0400,
FIRST-t3abd382,-10.0,percentage,0,1,Active,2017-07-14 00:00:00 -0400,
FIRST-64t47eac,-10.0,percentage,0,1,Active,2017-07-14 00:00:00 -0400,
FIRST-5t2d8dsc,-10.0,percentage,0,1,Active,2017-07-14 00:00:00 -0400,
FIRST-96t369c7,-10.0,percentage,0,1,Active,2017-07-14 00:00:00 -0400,
FIRST-743tct93,-10.0,percentage,0,1,Active,2017-07-14 00:00:00 -0400,
FIRST-29c82e9b,-10.0,percentage,0,1,Active,2017-07-14 00:00:00 -0400,
FIRST-838cf2ba,-10.0,percentage,0,1,Active,2017-07-14 00:00:00 -0400,
FIRST-f484ea6t,-10.0,percentage,0,1,Active,2017-07-14 00:00:00 -0400,
FIRST-5f82aa26,-10.0,percentage,0,1,Active,2017-07-14 00:00:00 -0400,
FIRST-828d2cs3,-10.0,percentage,0,1,Active,2017-07-14 00:00:00 -0400,
FIRST-ccsb6tft,-10.0,percentage,0,1,Active,2017-07-14 00:00:00 -0400,
FIRST-9b989fe7,-10.0,percentage,0,1,Active,2017-07-14 00:00:00 -0400,
FIRST-df3247b6,-10.0,percentage,0,1,Active,2017-07-14 00:00:00 -0400,
FIRST-b75ae6bt,-10.0,percentage,0,1,Active,2017-07-14 00:00:00 -0400,
FIRST-73td3tsb,-10.0,percentage,0,1,Active,2017-07-14 00:00:00 -0400,
FIRST-eab63db8,-10.0,percentage,0,1,Active,2017-07-14 00:00:00 -0400,
FIRST-4tt97sad,-10.0,percentage,0,1,Active,2017-07-14 00:00:00 -0400,
FIRST-93dc8cf2,-10.0,percentage,0,1,Active,2017-07-14 00:00:00 -0400,
FIRST-3d5tcdec,-10.0,percentage,0,1,Active,2017-07-14 00:00:00 -0400,
FIRST-td629d3c,-10.0,percentage,0,1,Active,2017-07-14 00:00:00 -0400,
FIRST-f836ede2,-10.0,percentage,0,1,Active,2017-07-14 00:00:00 -0400,
FIRST-97977db5,-10.0,percentage,0,1,Active,2017-07-14 00:00:00 -0400,
FIRST-b9s932t2,-10.0,percentage,0,1,Active,2017-07-14 00:00:00 -0400,
FIRST-3e43f64s,-10.0,percentage,0,1,Active,2017-07-14 00:00:00 -0400,
FIRST-a845ce5c,-10.0,percentage,0,1,Active,2017-07-14 00:00:00 -0400,
FIRST-s9f7acse,-10.0,percentage,0,1,Active,2017-07-14 00:00:00 -0400,
FIRST-5dddt7ab,-10.0,percentage,0,1,Active,2017-07-14 00:00:00 -0400,
FIRST-559227sc,-10.0,percentage,0,1,Active,2017-07-14 00:00:00 -0400,
FIRST-82sbcfc8,-10.0,percentage,0,1,Active,2017-07-14 00:00:00 -0400,
FIRST-ce2ta963,-10.0,percentage,0,1,Active,2017-07-14 00:00:00 -0400,
FIRST-75279ees,-10.0,percentage,0,1,Active,2017-07-14 00:00:00 -0400,
FIRST-s7e7t743,-10.0,percentage,0,1,Active,2017-07-14 00:00:00 -0400,
FIRST-s2559d5e,-10.0,percentage,0,1,Active,2017-07-14 00:00:00 -0400,
FIRST-c2e6fet4,-10.0,percentage,0,1,Active,2017-07-14 00:00:00 -0400,
FIRST-bt79ett4,-10.0,percentage,0,1,Active,2017-07-14 00:00:00 -0400,
FIRST-b24sa44s,-10.0,percentage,0,1,Active,2017-07-14 00:00:00 -0400,
FIRST-457ctced,-10.0,percentage,0,1,Active,2017-07-14 00:00:00 -0400,
FIRST-tt4etafd,-10.0,percentage,0,1,Active,2017-07-14 00:00:00 -0400,
FIRST-9c2t72a2,-10.0,percentage,0,1,Active,2017-07-14 00:00:00 -0400,
FIRST-d778sfc9,-10.0,percentage,0,1,Active,2017-07-14 00:00:00 -0400,
FIRST-ctaddb7s,-10.0,percentage,0,1,Active,2017-07-14 00:00:00 -0400,
FIRST-ab9t68ec,-10.0,percentage,0,1,Active,2017-07-14 00:00:00 -0400,
FIRST-b98te47t,-10.0,percentage,0,1,Active,2017-07-14 00:00:00 -0400,
FIRST-4c9tb969,-10.0,percentage,0,1,Active,2017-07-14 00:00:00 -0400,
FIRST-6sdbt5ab,-10.0,percentage,0,1,Active,2017-07-14 00:00:00 -0400,
FIRST-s5447d88,-10.0,percentage,0,1,Active,2017-07-14 00:00:00 -0400,
FIRST-bd5cas5a,-10.0,percentage,0,1,Active,2017-07-14 00:00:00 -0400,
FIRST-39b4bcd2,-10.0,percentage,0,1,Active,2017-07-14 00:00:00 -0400,
FIRST-c29c5t5e,-10.0,percentage,0,1,Active,2017-07-14 00:00:00 -0400,
FIRST-a4b6cebc,-10.0,percentage,0,1,Active,2017-07-14 00:00:00 -0400,
FIRST-4245a5d5,-10.0,percentage,0,1,Active,2017-07-14 00:00:00 -0400,
FIRST-8t9d4565,-10.0,percentage,0,1,Active,2017-07-14 00:00:00 -0400,
FIRST-ce9554f5,-10.0,percentage,0,1,Active,2017-07-14 00:00:00 -0400,
FIRST-c8ae9s29,-10.0,percentage,0,1,Active,2017-07-14 00:00:00 -0400,
FIRST-cdfb84df,-10.0,percentage,0,1,Active,2017-07-14 00:00:00 -0400,
FIRST-6s48842b,-10.0,percentage,0,1,Active,2017-07-14 00:00:00 -0400,
FIRST-f4bb9s29,-10.0,percentage,0,1,Active,2017-07-14 00:00:00 -0400,
FIRST-9tbcac67,-10.0,percentage,0,1,Active,2017-07-14 00:00:00 -0400,
FIRST-7ee5ac42,-10.0,percentage,0,1,Active,2017-07-14 00:00:00 -0400,
FIRST-7s435c4b,-10.0,percentage,0,1,Active,2017-07-14 00:00:00 -0400,
FIRST-b89t34fs,-10.0,percentage,0,1,Active,2017-07-14 00:00:00 -0400,
FIRST-62a2c23b,-10.0,percentage,0,1,Active,2017-07-14 00:00:00 -0400,
FIRST-78bat3a3,-10.0,percentage,0,1,Active,2017-07-14 00:00:00 -0400,
FIRST-t2st7a92,-10.0,percentage,0,1,Active,2017-07-14 00:00:00 -0400,
FIRST-6dctfdfs,-10.0,percentage,0,1,Active,2017-07-14 00:00:00 -0400,
FIRST-7f4b8t95,-10.0,percentage,0,1,Active,2017-07-14 00:00:00 -0400,
FIRST-84dc5529,-10.0,percentage,0,1,Active,2017-07-14 00:00:00 -0400,
FIRST-e48b9355,-10.0,percentage,0,1,Active,2017-07-14 00:00:00 -0400,
FIRST-bs775fc9,-10.0,percentage,0,1,Active,2017-07-14 00:00:00 -0400,
FIRST-da36sc5b,-10.0,percentage,0,1,Active,2017-07-14 00:00:00 -0400,
FIRST-8es3a58b,-10.0,percentage,0,1,Active,2017-07-14 00:00:00 -0400,
FIRST-c39t47tt,-10.0,percentage,0,1,Active,2017-07-14 00:00:00 -0400,
FIRST-d5t8e524,-10.0,percentage,0,1,Active,2017-07-14 00:00:00 -0400,
FIRST-635b8s6f,-10.0,percentage,0,1,Active,2017-07-14 00:00:00 -0400,
FIRST-85de48e5,-10.0,percentage,0,1,Active,2017-07-14 00:00:00 -0400,
FIRST-8bas9btf,-10.0,percentage,0,1,Active,2017-07-14 00:00:00 -0400,
FIRST-7b4538d7,-10.0,percentage,0,1,Active,2017-07-14 00:00:00 -0400,
FIRST-ed439a88,-10.0,percentage,0,1,Active,2017-07-14 00:00:00 -0400,
FIRST-bff2787f,-10.0,percentage,0,1,Active,2017-07-14 00:00:00 -0400,
FIRST-cf832be2,-10.0,percentage,0,1,Active,2017-07-14 00:00:00 -0400,
FIRST-d5d3sf6e,-10.0,percentage,0,1,Active,2017-07-14 00:00:00 -0400,
FIRST-d9cbfds3,-10.0,percentage,0,1,Active,2017-07-14 00:00:00 -0400,
FIRST-dbe5eca9,-10.0,percentage,0,1,Active,2017-07-14 00:00:00 -0400,
FIRST-se7d6e2f,-10.0,percentage,0,1,Active,2017-07-14 00:00:00 -0400,
FIRST-s37e54ss,-10.0,percentage,0,1,Active,2017-07-14 00:00:00 -0400,
FIRST-s3733473,-10.0,percentage,0,1,Active,2017-07-14 00:00:00 -0400,
FIRST-dbdcd784,-10.0,percentage,0,1,Active,2017-07-14 00:00:00 -0400,
FIRST-3scs94ac,-10.0,percentage,0,1,Active,2017-07-14 00:00:00 -0400,
FIRST-4996se33,-10.0,percentage,0,1,Active,2017-07-14 00:00:00 -0400,
FIRST-829ee7st,-10.0,percentage,0,1,Active,2017-07-14 00:00:00 -0400,
FIRST-c6edsbff,-10.0,percentage,0,1,Active,2017-07-14 00:00:00 -0400,
FIRST-75b38s2t,-10.0,percentage,0,1,Active,2017-07-14 00:00:00 -0400,
FIRST-d75f3edt,-10.0,percentage,0,1,Active,2017-07-14 00:00:00 -0400,
FIRST-2tfb5sf5,-10.0,percentage,0,1,Active,2017-07-14 00:00:00 -0400,
FIRST-3923a656,-10.0,percentage,0,1,Active,2017-07-14 00:00:00 -0400,
FIRST-858983d4,-10.0,percentage,0,1,Active,2017-07-14 00:00:00 -0400,
FIRST-abf83a7c,-10.0,percentage,0,1,Active,2017-07-14 00:00:00 -0400,
FIRST-4fs78438,-10.0,percentage,0,1,Active,2017-07-14 00:00:00 -0400,
FIRST-672s6296,-10.0,percentage,0,1,Active,2017-07-14 00:00:00 -0400,
FIRST-c5ea7dac,-10.0,percentage,0,1,Active,2017-07-14 00:00:00 -0400,
FIRST-sc3s3t79,-10.0,percentage,0,1,Active,2017-07-14 00:00:00 -0400,
FIRST-55cf47ad,-10.0,percentage,0,1,Active,2017-07-14 00:00:00 -0400,
FIRST-s89ct844,-10.0,percentage,0,1,Active,2017-07-14 00:00:00 -0400,
FIRST-tet583fe,-10.0,percentage,0,1,Active,2017-07-14 00:00:00 -0400,
FIRST-674b6ca2,-10.0,percentage,0,1,Active,2017-07-14 00:00:00 -0400,
FIRST-dsat776c,-10.0,percentage,0,1,Active,2017-07-14 00:00:00 -0400,
FIRST-8taeete3,-10.0,percentage,0,1,Active,2017-07-14 00:00:00 -0400,
FIRST-ce4aeb6c,-10.0,percentage,0,1,Active,2017-07-14 00:00:00 -0400,
FIRST-cc956745,-10.0,percentage,0,1,Active,2017-07-14 00:00:00 -0400,
FIRST-a3fa6ft2,-10.0,percentage,0,1,Active,2017-07-14 00:00:00 -0400,
FIRST-22aa4543,-10.0,percentage,0,1,Active,2017-07-14 00:00:00 -0400,
FIRST-73fc56e2,-10.0,percentage,0,1,Active,2017-07-14 00:00:00 -0400,
FIRST-fcf4e4b8,-10.0,percentage,0,1,Active,2017-07-14 00:00:00 -0400,
FIRST-a48as3b2,-10.0,percentage,0,1,Active,2017-07-14 00:00:00 -0400,
FIRST-b2a32ftt,-10.0,percentage,0,1,Active,2017-07-14 00:00:00 -0400,
FIRST-8fadecs3,-10.0,percentage,0,1,Active,2017-07-14 00:00:00 -0400,
FIRST-t8e43fae,-10.0,percentage,0,1,Active,2017-07-14 00:00:00 -0400,
FIRST-3c8b95ss,-10.0,percentage,0,1,Active,2017-07-14 00:00:00 -0400,
FIRST-36c7d3f7,-10.0,percentage,0,1,Active,2017-07-14 00:00:00 -0400,
FIRST-a7t629e4,-10.0,percentage,0,1,Active,2017-07-14 00:00:00 -0400,
FIRST-2ef4fd64,-10.0,percentage,0,1,Active,2017-07-14 00:00:00 -0400,
FIRST-4s9bs82s,-10.0,percentage,0,1,Active,2017-07-14 00:00:00 -0400,
FIRST-c65f7f29,-10.0,percentage,0,1,Active,2017-07-14 00:00:00 -0400,
FIRST-s8d66e52,-10.0,percentage,1,1,Active,2017-07-14 00:00:00 -0400,
FIRST-asa29694,-10.0,percentage,0,1,Active,2017-07-14 00:00:00 -0400,
FIRST-8s64ff4t,-10.0,percentage,1,1,Active,2017-07-14 00:00:00 -0400,
FIRST-8s74t63b,-10.0,percentage,0,1,Active,2017-07-14 00:00:00 -0400,
FIRST-ctf2c4c5,-10.0,percentage,0,1,Active,2017-07-14 00:00:00 -0400,
FIRST-ctatfed7,-10.0,percentage,1,1,Active,2017-07-14 00:00:00 -0400,
FIRST-7caf9db4,-10.0,percentage,0,1,Active,2017-07-14 00:00:00 -0400,
FIRST-5tfbac2c,-10.0,percentage,0,1,Active,2017-07-14 00:00:00 -0400,
FIRST-8ta79bab,-10.0,percentage,1,1,Active,2017-07-14 00:00:00 -0400,
FIRST-7c5637c8,-10.0,percentage,0,1,Active,2017-07-14 00:00:00 -0400,
FIRST-9b653ds3,-10.0,percentage,0,1,Active,2017-07-14 00:00:00 -0400,
FIRST-bcs8e227,-10.0,percentage,0,1,Active,2017-07-14 00:00:00 -0400,
FIRST-b54dcs4e,-10.0,percentage,0,1,Active,2017-07-14 00:00:00 -0400,
FIRST-ta29t83f,-10.0,percentage,0,1,Active,2017-07-14 00:00:00 -0400,
FIRST-b829eft4,-10.0,percentage,0,1,Active,2017-07-14 00:00:00 -0400,
FIRST-t245sb6t,-10.0,percentage,0,1,Active,2017-07-14 00:00:00 -0400,
FIRST-79sa8bb6,-10.0,percentage,0,1,Active,2017-07-14 00:00:00 -0400,
FIRST-e9637b49,-10.0,percentage,0,1,Active,2017-07-14 00:00:00 -0400,
FIRST-td2845fc,-10.0,percentage,0,1,Active,2017-07-14 00:00:00 -0400,
FIRST-6f4226c8,-10.0,percentage,1,1,Active,2017-07-14 00:00:00 -0400,
FIRST-bt6abest,-10.0,percentage,0,1,Active,2017-07-14 00:00:00 -0400,
FIRST-be82da6f,-10.0,percentage,0,1,Active,2017-07-14 00:00:00 -0400,
FIRST-258e9t7s,-10.0,percentage,0,1,Active,2017-07-14 00:00:00 -0400,
FIRST-2cf296st,-10.0,percentage,0,1,Active,2017-07-14 00:00:00 -0400,
FIRST-6647tccb,-10.0,percentage,0,1,Active,2017-07-14 00:00:00 -0400,
FIRST-2e84b7fd,-10.0,percentage,0,1,Active,2017-07-14 00:00:00 -0400,
FIRST-4sf2f552,-10.0,percentage,0,1,Active,2017-07-14 00:00:00 -0400,
FIRST-faast992,-10.0,percentage,0,1,Active,2017-07-14 00:00:00 -0400,
FIRST-f4c49et4,-10.0,percentage,0,1,Active,2017-07-14 00:00:00 -0400,
FIRST-taadtbss,-10.0,percentage,0,1,Active,2017-07-14 00:00:00 -0400,
FIRST-27s3ssf4,-10.0,percentage,0,1,Active,2017-07-14 00:00:00 -0400,
FIRST-as3b2f7b,-10.0,percentage,0,1,Active,2017-07-14 00:00:00 -0400,
FIRST-8a32tsd5,-10.0,percentage,0,1,Active,2017-07-14 00:00:00 -0400,
FIRST-2s6f429e,-10.0,percentage,0,1,Active,2017-07-14 00:00:00 -0400,
FIRST-5dd729t6,-10.0,percentage,0,1,Active,2017-07-14 00:00:00 -0400,
FIRST-cc529d5s,-10.0,percentage,0,1,Active,2017-07-14 00:00:00 -0400,
FIRST-3b7dacec,-10.0,percentage,0,1,Active,2017-07-14 00:00:00 -0400,
FIRST-234453c8,-10.0,percentage,0,1,Active,2017-07-14 00:00:00 -0400,
FIRST-5c284dd2,-10.0,percentage,0,1,Active,2017-07-14 00:00:00 -0400,
FIRST-65f6cbsa,-10.0,percentage,0,1,Active,2017-07-14 00:00:00 -0400,
FIRST-39d93342,-10.0,percentage,0,1,Active,2017-07-14 00:00:00 -0400,
FIRST-39862d2e,-10.0,percentage,0,1,Active,2017-07-14 00:00:00 -0400,
FIRST-637ce6t3,-10.0,percentage,0,1,Active,2017-07-14 00:00:00 -0400,
FIRST-db6d5729,-10.0,percentage,0,1,Active,2017-07-14 00:00:00 -0400,
FIRST-24fs48ab,-10.0,percentage,0,1,Active,2017-07-14 00:00:00 -0400,
FIRST-b357tad5,-10.0,percentage,0,1,Active,2017-07-14 00:00:00 -0400,
FIRST-3et44d4f,-10.0,percentage,0,1,Active,2017-07-14 00:00:00 -0400,
FIRST-548tcda7,-10.0,percentage,0,1,Active,2017-07-14 00:00:00 -0400,
FIRST-fe6bsatc,-10.0,percentage,0,1,Active,2017-07-14 00:00:00 -0400,
FIRST-b56a9ss9,-10.0,percentage,0,1,Active,2017-07-14 00:00:00 -0400,
FIRST-89te8c43,-10.0,percentage,0,1,Active,2017-07-14 00:00:00 -0400,
FIRST-8f7sa546,-10.0,percentage,0,1,Active,2017-07-14 00:00:00 -0400,
FIRST-dc624ddd,-10.0,percentage,0,1,Active,2017-07-14 00:00:00 -0400,
FIRST-f6268cd3,-10.0,percentage,0,1,Active,2017-07-14 00:00:00 -0400,
FIRST-s5aca4f3,-10.0,percentage,0,1,Active,2017-07-14 00:00:00 -0400,
FIRST-5fe9f6a6,-10.0,percentage,0,1,Active,2017-07-14 00:00:00 -0400,
FIRST-se7f268a,-10.0,percentage,0,1,Active,2017-07-14 00:00:00 -0400,
FIRST-c356et8a,-10.0,percentage,0,1,Active,2017-07-14 00:00:00 -0400,
FIRST-4e4tf8sf,-10.0,percentage,0,1,Active,2017-07-14 00:00:00 -0400,
FIRST-e5es3dad,-10.0,percentage,0,1,Active,2017-07-14 00:00:00 -0400,
FIRST-fsab44e9,-10.0,percentage,0,1,Active,2017-07-14 00:00:00 -0400,
FIRST-649dt2sa,-10.0,percentage,0,1,Active,2017-07-14 00:00:00 -0400,
FIRST-a72a84fs,-10.0,percentage,0,1,Active,2017-07-14 00:00:00 -0400,
FIRST-ce7t97aa,-10.0,percentage,0,1,Active,2017-07-14 00:00:00 -0400,
FIRST-e677ab58,-10.0,percentage,0,1,Active,2017-07-14 00:00:00 -0400,
FIRST-557a74fe,-10.0,percentage,0,1,Active,2017-07-14 00:00:00 -0400,
FIRST-b4c52573,-10.0,percentage,0,1,Active,2017-07-14 00:00:00 -0400,
FIRST-796856b5,-10.0,percentage,0,1,Active,2017-07-14 00:00:00 -0400,
FIRST-c6s58ast,-10.0,percentage,0,1,Active,2017-07-14 00:00:00 -0400,
FIRST-22cts8t8,-10.0,percentage,0,1,Active,2017-07-14 00:00:00 -0400,
FIRST-5ct7952d,-10.0,percentage,0,1,Active,2017-07-14 00:00:00 -0400,
FIRST-f7c639a9,-10.0,percentage,0,1,Active,2017-07-14 00:00:00 -0400,
FIRST-9d34e285,-10.0,percentage,0,1,Active,2017-07-14 00:00:00 -0400,
FIRST-34ssc829,-10.0,percentage,0,1,Active,2017-07-14 00:00:00 -0400,
FIRST-t8de6e53,-10.0,percentage,0,1,Active,2017-07-14 00:00:00 -0400,
FIRST-ctfdatf2,-10.0,percentage,0,1,Active,2017-07-14 00:00:00 -0400,
FIRST-aa946427,-10.0,percentage,0,1,Active,2017-07-14 00:00:00 -0400,
FIRST-te44a4d3,-10.0,percentage,0,1,Active,2017-07-14 00:00:00 -0400,
FIRST-cst855bd,-10.0,percentage,0,1,Active,2017-07-14 00:00:00 -0400,
FIRST-d669c2f7,-10.0,percentage,0,1,Active,2017-07-14 00:00:00 -0400,
FIRST-ct672a53,-10.0,percentage,0,1,Active,2017-07-14 00:00:00 -0400,
FIRST-7ee8f84s,-10.0,percentage,0,1,Active,2017-07-14 00:00:00 -0400,
FIRST-697256a7,-10.0,percentage,0,1,Active,2017-07-14 00:00:00 -0400,
FIRST-f9222c8s,-10.0,percentage,0,1,Active,2017-07-14 00:00:00 -0400,
FIRST-b9s27e9f,-10.0,percentage,0,1,Active,2017-07-14 00:00:00 -0400,
FIRST-438656e4,-10.0,percentage,0,1,Active,2017-07-14 00:00:00 -0400,
FIRST-sebdb888,-10.0,percentage,0,1,Active,2017-07-14 00:00:00 -0400,
FIRST-7bb4d9t4,-10.0,percentage,0,1,Active,2017-07-14 00:00:00 -0400,
FIRST-t9e2t3be,-10.0,percentage,0,1,Active,2017-07-14 00:00:00 -0400,
FIRST-8573c7cs,-10.0,percentage,0,1,Active,2017-07-14 00:00:00 -0400,
FIRST-4d93e9f6,-10.0,percentage,0,1,Active,2017-07-14 00:00:00 -0400,
FIRST-e2s27edd,-10.0,percentage,0,1,Active,2017-07-14 00:00:00 -0400,
FIRST-scce39ad,-10.0,percentage,0,1,Active,2017-07-14 00:00:00 -0400,
FIRST-84766d7f,-10.0,percentage,0,1,Active,2017-07-14 00:00:00 -0400,
FIRST-dce4ate4,-10.0,percentage,0,1,Active,2017-07-14 00:00:00 -0400,
FIRST-55f675a4,-10.0,percentage,0,1,Active,2017-07-14 00:00:00 -0400,
FIRST-7c9dc7ad,-10.0,percentage,0,1,Active,2017-07-14 00:00:00 -0400,
FIRST-68ae5aca,-10.0,percentage,0,1,Active,2017-07-14 00:00:00 -0400,
FIRST-c94434fa,-10.0,percentage,0,1,Active,2017-07-14 00:00:00 -0400,
FIRST-tscecf5b,-10.0,percentage,0,1,Active,2017-07-14 00:00:00 -0400,
FIRST-6a7566b9,-10.0,percentage,0,1,Active,2017-07-14 00:00:00 -0400,
FIRST-f3fe6t96,-10.0,percentage,0,1,Active,2017-07-14 00:00:00 -0400,
FIRST-d29fss64,-10.0,percentage,0,1,Active,2017-07-14 00:00:00 -0400,
FIRST-betee93c,-10.0,percentage,0,1,Active,2017-07-14 00:00:00 -0400,
FIRST-e7t45cdt,-10.0,percentage,0,1,Active,2017-07-14 00:00:00 -0400,
FIRST-74a72bte,-10.0,percentage,0,1,Active,2017-07-14 00:00:00 -0400,
FIRST-t927t3db,-10.0,percentage,0,1,Active,2017-07-14 00:00:00 -0400,
FIRST-s4s4efat,-10.0,percentage,0,1,Active,2017-07-14 00:00:00 -0400,
FIRST-52e8t7b8,-10.0,percentage,0,1,Active,2017-07-14 00:00:00 -0400,
FIRST-34c9es36,-10.0,percentage,0,1,Active,2017-07-14 00:00:00 -0400,
FIRST-sct23f5t,-10.0,percentage,0,1,Active,2017-07-14 00:00:00 -0400,
FIRST-b6cse62s,-10.0,percentage,0,1,Active,2017-07-14 00:00:00 -0400,
FIRST-3eats8t2,-10.0,percentage,0,1,Active,2017-07-14 00:00:00 -0400,
FIRST-dttssfa2,-10.0,percentage,0,1,Active,2017-07-14 00:00:00 -0400,
FIRST-sb73dst6,-10.0,percentage,0,1,Active,2017-07-14 00:00:00 -0400,
FIRST-t8edb8b2,-10.0,percentage,0,1,Active,2017-07-14 00:00:00 -0400,
FIRST-cbed9tds,-10.0,percentage,0,1,Active,2017-07-14 00:00:00 -0400,
FIRST-526f3277,-10.0,percentage,0,1,Active,2017-07-14 00:00:00 -0400,
FIRST-bdt6399d,-10.0,percentage,0,1,Active,2017-07-14 00:00:00 -0400,
FIRST-d83d55dc,-10.0,percentage,0,1,Active,2017-07-14 00:00:00 -0400,
FIRST-4fdaad35,-10.0,percentage,0,1,Active,2017-07-14 00:00:00 -0400,
FIRST-fc24ce3c,-10.0,percentage,0,1,Active,2017-07-14 00:00:00 -0400,
FIRST-36dd2daa,-10.0,percentage,0,1,Active,2017-07-14 00:00:00 -0400,
FIRST-et8fbb64,-10.0,percentage,0,1,Active,2017-07-14 00:00:00 -0400,
FIRST-e5c297f8,-10.0,percentage,0,1,Active,2017-07-14 00:00:00 -0400,
FIRST-5tea4dc5,-10.0,percentage,0,1,Active,2017-07-14 00:00:00 -0400,
FIRST-6s3f88ec,-10.0,percentage,0,1,Active,2017-07-14 00:00:00 -0400,
FIRST-tfc347t8,-10.0,percentage,0,1,Active,2017-07-14 00:00:00 -0400,
FIRST-scd8db6s,-10.0,percentage,0,1,Active,2017-07-14 00:00:00 -0400,
FIRST-72dc3as4,-10.0,percentage,0,1,Active,2017-07-14 00:00:00 -0400,
FIRST-2edee2fd,-10.0,percentage,0,1,Active,2017-07-14 00:00:00 -0400,
FIRST-b4d5b6s6,-10.0,percentage,0,1,Active,2017-07-14 00:00:00 -0400,
FIRST-652t63be,-10.0,percentage,0,1,Active,2017-07-14 00:00:00 -0400,
FIRST-d877d7c2,-10.0,percentage,0,1,Active,2017-07-14 00:00:00 -0400,
FIRST-9377754t,-10.0,percentage,0,1,Active,2017-07-14 00:00:00 -0400,
FIRST-26bd2t8d,-10.0,percentage,0,1,Active,2017-07-14 00:00:00 -0400,
FIRST-bt3eb7sa,-10.0,percentage,0,1,Active,2017-07-14 00:00:00 -0400,
FIRST-5ed867ed,-10.0,percentage,0,1,Active,2017-07-14 00:00:00 -0400,
FIRST-8df3dd2e,-10.0,percentage,0,1,Active,2017-07-14 00:00:00 -0400,
FIRST-2a97748s,-10.0,percentage,0,1,Active,2017-07-14 00:00:00 -0400,
FIRST-2tbd9ab4,-10.0,percentage,0,1,Active,2017-07-14 00:00:00 -0400,
FIRST-s44bf34f,-10.0,percentage,0,1,Active,2017-07-14 00:00:00 -0400,
FIRST-2e6828ab,-10.0,percentage,0,1,Active,2017-07-14 00:00:00 -0400,
FIRST-aa4dt33a,-10.0,percentage,0,1,Active,2017-07-14 00:00:00 -0400,
FIRST-scd2tbt2,-10.0,percentage,0,1,Active,2017-07-14 00:00:00 -0400,
FIRST-s7ta453a,-10.0,percentage,0,1,Active,2017-07-14 00:00:00 -0400,
FIRST-4fdas5d4,-10.0,percentage,0,1,Active,2017-07-14 00:00:00 -0400,
FIRST-6aed5bc5,-10.0,percentage,0,1,Active,2017-07-14 00:00:00 -0400,
FIRST-756d4c6b,-10.0,percentage,0,1,Active,2017-07-14 00:00:00 -0400,
FIRST-828dae28,-10.0,percentage,0,1,Active,2017-07-14 00:00:00 -0400,
FIRST-b9d7c869,-10.0,percentage,0,1,Active,2017-07-14 00:00:00 -0400,
FIRST-e982fetc,-10.0,percentage,0,1,Active,2017-07-14 00:00:00 -0400,
FIRST-25225t59,-10.0,percentage,0,1,Active,2017-07-14 00:00:00 -0400,
FIRST-3s9fft7t,-10.0,percentage,0,1,Active,2017-07-14 00:00:00 -0400,
FIRST-98t7fts4,-10.0,percentage,0,1,Active,2017-07-14 00:00:00 -0400,
FIRST-f8b366et,-10.0,percentage,0,1,Active,2017-07-14 00:00:00 -0400,
FIRST-ad9sebat,-10.0,percentage,0,1,Active,2017-07-14 00:00:00 -0400,
FIRST-t82549a4,-10.0,percentage,0,1,Active,2017-07-14 00:00:00 -0400,
FIRST-c7cf94b5,-10.0,percentage,0,1,Active,2017-07-14 00:00:00 -0400,
FIRST-f4a3aa2a,-10.0,percentage,0,1,Active,2017-07-14 00:00:00 -0400,
FIRST-2s967s7t,-10.0,percentage,0,1,Active,2017-07-14 00:00:00 -0400,
FIRST-cea325t5,-10.0,percentage,0,1,Active,2017-07-14 00:00:00 -0400,
FIRST-ss98553b,-10.0,percentage,0,1,Active,2017-07-14 00:00:00 -0400,
FIRST-s437bcbe,-10.0,percentage,0,1,Active,2017-07-14 00:00:00 -0400,
FIRST-6d6f2235,-10.0,percentage,0,1,Active,2017-07-14 00:00:00 -0400,
FIRST-29a3tt82,-10.0,percentage,0,1,Active,2017-07-14 00:00:00 -0400,
FIRST-tc67ac6a,-10.0,percentage,0,1,Active,2017-07-14 00:00:00 -0400,
FIRST-ebe83ecd,-10.0,percentage,0,1,Active,2017-07-14 00:00:00 -0400,
FIRST-d5627536,-10.0,percentage,0,1,Active,2017-07-14 00:00:00 -0400,
FIRST-7ee9t68t,-10.0,percentage,0,1,Active,2017-07-14 00:00:00 -0400,
FIRST-89s62ft7,-10.0,percentage,0,1,Active,2017-07-14 00:00:00 -0400,
FIRST-4fc82e33,-10.0,percentage,0,1,Active,2017-07-14 00:00:00 -0400,
FIRST-7tdb3649,-10.0,percentage,0,1,Active,2017-07-14 00:00:00 -0400,
FIRST-6bfaf455,-10.0,percentage,0,1,Active,2017-07-14 00:00:00 -0400,
FIRST-tb8etssb,-10.0,percentage,0,1,Active,2017-07-14 00:00:00 -0400,
FIRST-fesf9962,-10.0,percentage,0,1,Active,2017-07-14 00:00:00 -0400,
FIRST-738bbeta,-10.0,percentage,0,1,Active,2017-07-14 00:00:00 -0400,
FIRST-275265f7,-10.0,percentage,0,1,Active,2017-07-14 00:00:00 -0400,
FIRST-bttad756,-10.0,percentage,0,1,Active,2017-07-14 00:00:00 -0400,
FIRST-f974b28c,-10.0,percentage,0,1,Active,2017-07-14 00:00:00 -0400,
FIRST-7tsc99c7,-10.0,percentage,0,1,Active,2017-07-14 00:00:00 -0400,
FIRST-2c5bat87,-10.0,percentage,0,1,Active,2017-07-14 00:00:00 -0400,
FIRST-5b82t998,-10.0,percentage,0,1,Active,2017-07-14 00:00:00 -0400,
FIRST-66a3ce72,-10.0,percentage,0,1,Active,2017-07-14 00:00:00 -0400,
FIRST-ada2ssbc,-10.0,percentage,0,1,Active,2017-07-14 00:00:00 -0400,
FIRST-t4sf5c6t,-10.0,percentage,0,1,Active,2017-07-14 00:00:00 -0400,
FIRST-543f637b,-10.0,percentage,0,1,Active,2017-07-14 00:00:00 -0400,
FIRST-fftd33d6,-10.0,percentage,0,1,Active,2017-07-14 00:00:00 -0400,
FIRST-f36sb6ba,-10.0,percentage,0,1,Active,2017-07-14 00:00:00 -0400,
FIRST-faa2f3ca,-10.0,percentage,0,1,Active,2017-07-14 00:00:00 -0400,
FIRST-8c4c8b7t,-10.0,percentage,0,1,Active,2017-07-14 00:00:00 -0400,
FIRST-9536es2c,-10.0,percentage,0,1,Active,2017-07-14 00:00:00 -0400,
FIRST-ce6as34s,-10.0,percentage,0,1,Active,2017-07-14 00:00:00 -0400,
FIRST-9f322372,-10.0,percentage,0,1,Active,2017-07-14 00:00:00 -0400,
FIRST-2979t8f9,-10.0,percentage,0,1,Active,2017-07-14 00:00:00 -0400,
FIRST-6e58f736,-10.0,percentage,0,1,Active,2017-07-14 00:00:00 -0400,
FIRST-3sdd5de3,-10.0,percentage,0,1,Active,2017-07-14 00:00:00 -0400,
FIRST-7b68s466,-10.0,percentage,0,1,Active,2017-07-14 00:00:00 -0400,
FIRST-83f362a2,-10.0,percentage,0,1,Active,2017-07-14 00:00:00 -0400,
FIRST-43e5d445,-10.0,percentage,0,1,Active,2017-07-14 00:00:00 -0400,
FIRST-6a66c9d7,-10.0,percentage,0,1,Active,2017-07-14 00:00:00 -0400,
FIRST-4fe47a3e,-10.0,percentage,0,1,Active,2017-07-14 00:00:00 -0400,
FIRST-89d7sfba,-10.0,percentage,0,1,Active,2017-07-14 00:00:00 -0400,
FIRST-e424tbt9,-10.0,percentage,0,1,Active,2017-07-14 00:00:00 -0400,
FIRST-c427es6s,-10.0,percentage,0,1,Active,2017-07-14 00:00:00 -0400,
FIRST-968a4f6e,-10.0,percentage,0,1,Active,2017-07-14 00:00:00 -0400,
FIRST-93e6988a,-10.0,percentage,0,1,Active,2017-07-14 00:00:00 -0400,
FIRST-2cbb42ea,-10.0,percentage,0,1,Active,2017-07-14 00:00:00 -0400,
FIRST-e4dc86sa,-10.0,percentage,0,1,Active,2017-07-14 00:00:00 -0400,
FIRST-9c6836t9,-10.0,percentage,0,1,Active,2017-07-14 00:00:00 -0400,
FIRST-79fst5da,-10.0,percentage,0,1,Active,2017-07-14 00:00:00 -0400,
FIRST-e7642f97,-10.0,percentage,0,1,Active,2017-07-14 00:00:00 -0400,
FIRST-eae397a3,-10.0,percentage,0,1,Active,2017-07-14 00:00:00 -0400,
FIRST-s335489s,-10.0,percentage,0,1,Active,2017-07-14 00:00:00 -0400,
FIRST-dc7tb53f,-10.0,percentage,0,1,Active,2017-07-14 00:00:00 -0400,
FIRST-968795fd,-10.0,percentage,0,1,Active,2017-07-14 00:00:00 -0400,
FIRST-9e9b2c39,-10.0,percentage,0,1,Active,2017-07-14 00:00:00 -0400,
FIRST-s28f4ts9,-10.0,percentage,0,1,Active,2017-07-14 00:00:00 -0400,
FIRST-2f85fd88,-10.0,percentage,0,1,Active,2017-07-14 00:00:00 -0400,
FIRST-7b59f2e5,-10.0,percentage,0,1,Active,2017-07-14 00:00:00 -0400,
FIRST-7ctcb749,-10.0,percentage,0,1,Active,2017-07-14 00:00:00 -0400,
FIRST-daas2e6b,-10.0,percentage,0,1,Active,2017-07-14 00:00:00 -0400,
FIRST-7tb52ef3,-10.0,percentage,0,1,Active,2017-07-14 00:00:00 -0400,
FIRST-ffcbsese,-10.0,percentage,0,1,Active,2017-07-14 00:00:00 -0400,
FIRST-68448e76,-10.0,percentage,0,1,Active,2017-07-14 00:00:00 -0400,
FIRST-ffaf92ee,-10.0,percentage,0,1,Active,2017-07-14 00:00:00 -0400,
FIRST-f794cf2a,-10.0,percentage,0,1,Active,2017-07-14 00:00:00 -0400,
FIRST-343da885,-10.0,percentage,0,1,Active,2017-07-14 00:00:00 -0400,
FIRST-84fcbbd6,-10.0,percentage,0,1,Active,2017-07-14 00:00:00 -0400,
FIRST-9ca8ca99,-10.0,percentage,0,1,Active,2017-07-14 00:00:00 -0400,
FIRST-tc9bt443,-10.0,percentage,0,1,Active,2017-07-14 00:00:00 -0400,
FIRST-d36dfe73,-10.0,percentage,0,1,Active,2017-07-14 00:00:00 -0400,
FIRST-a7472t47,-10.0,percentage,0,1,Active,2017-07-14 00:00:00 -0400,
FIRST-73679dt8,-10.0,percentage,0,1,Active,2017-07-14 00:00:00 -0400,
FIRST-9aef7fc7,-10.0,percentage,0,1,Active,2017-07-14 00:00:00 -0400,
FIRST-se6bs5es,-10.0,percentage,0,1,Active,2017-07-14 00:00:00 -0400,
FIRST-9ctb72sd,-10.0,percentage,0,1,Active,2017-07-14 00:00:00 -0400,
FIRST-47fb75d2,-10.0,percentage,0,1,Active,2017-07-14 00:00:00 -0400,
FIRST-6429f97c,-10.0,percentage,0,1,Active,2017-07-14 00:00:00 -0400,
FIRST-a2ceaa29,-10.0,percentage,0,1,Active,2017-07-14 00:00:00 -0400,
FIRST-3b59e2b3,-10.0,percentage,0,1,Active,2017-07-14 00:00:00 -0400,
FIRST-sa75dc69,-10.0,percentage,0,1,Active,2017-07-14 00:00:00 -0400,
FIRST-4732t5tb,-10.0,percentage,0,1,Active,2017-07-14 00:00:00 -0400,
FIRST-92fe88e6,-10.0,percentage,0,1,Active,2017-07-14 00:00:00 -0400,
FIRST-2ee84f9c,-10.0,percentage,0,1,Active,2017-07-14 00:00:00 -0400,
FIRST-6esf2e46,-10.0,percentage,0,1,Active,2017-07-14 00:00:00 -0400,
FIRST-ss9cs38e,-10.0,percentage,0,1,Active,2017-07-14 00:00:00 -0400,
FIRST-7bbefdcb,-10.0,percentage,0,1,Active,2017-07-14 00:00:00 -0400,
FIRST-a2b7ea62,-10.0,percentage,0,1,Active,2017-07-14 00:00:00 -0400,
FIRST-98928723,-10.0,percentage,0,1,Active,2017-07-14 00:00:00 -0400,
FIRST-s3bat9be,-10.0,percentage,0,1,Active,2017-07-14 00:00:00 -0400,
FIRST-badbe52d,-10.0,percentage,0,1,Active,2017-07-14 00:00:00 -0400,
FIRST-tf4ffs97,-10.0,percentage,0,1,Active,2017-07-14 00:00:00 -0400,
FIRST-34dseetb,-10.0,percentage,0,1,Active,2017-07-14 00:00:00 -0400,
FIRST-578f5a78,-10.0,percentage,0,1,Active,2017-07-14 00:00:00 -0400,
FIRST-d5t9b8t5,-10.0,percentage,0,1,Active,2017-07-14 00:00:00 -0400,
FIRST-a3bs5c7a,-10.0,percentage,0,1,Active,2017-07-14 00:00:00 -0400,
FIRST-8fcf2359,-10.0,percentage,0,1,Active,2017-07-14 00:00:00 -0400,
FIRST-a8b5dtca,-10.0,percentage,0,1,Active,2017-07-14 00:00:00 -0400,
FIRST-9tds4s7b,-10.0,percentage,0,1,Active,2017-07-14 00:00:00 -0400,
FIRST-t952739d,-10.0,percentage,0,1,Active,2017-07-14 00:00:00 -0400,
FIRST-bb5saa7e,-10.0,percentage,0,1,Active,2017-07-14 00:00:00 -0400,
FIRST-657bat6f,-10.0,percentage,0,1,Active,2017-07-14 00:00:00 -0400,
FIRST-7s345fsd,-10.0,percentage,0,1,Active,2017-07-14 00:00:00 -0400,
FIRST-e86bt9bb,-10.0,percentage,0,1,Active,2017-07-14 00:00:00 -0400,
FIRST-79a8ad32,-10.0,percentage,0,1,Active,2017-07-14 00:00:00 -0400,
FIRST-b2cefbc6,-10.0,percentage,0,1,Active,2017-07-14 00:00:00 -0400,
FIRST-7afcea8e,-10.0,percentage,0,1,Active,2017-07-14 00:00:00 -0400,
FIRST-4c7d59ta,-10.0,percentage,0,1,Active,2017-07-14 00:00:00 -0400,
FIRST-s439f35f,-10.0,percentage,0,1,Active,2017-07-14 00:00:00 -0400,
FIRST-e9t5da6c,-10.0,percentage,0,1,Active,2017-07-14 00:00:00 -0400,
FIRST-ate293as,-10.0,percentage,0,1,Active,2017-07-14 00:00:00 -0400,
FIRST-868373ss,-10.0,percentage,0,1,Active,2017-07-14 00:00:00 -0400,
FIRST-a3234se2,-10.0,percentage,0,1,Active,2017-07-14 00:00:00 -0400,
FIRST-fe2b37t2,-10.0,percentage,0,1,Active,2017-07-14 00:00:00 -0400,
FIRST-43sb4ce5,-10.0,percentage,0,1,Active,2017-07-14 00:00:00 -0400,
FIRST-sd68f3d5,-10.0,percentage,0,1,Active,2017-07-14 00:00:00 -0400,
FIRST-f5c9d4t7,-10.0,percentage,0,1,Active,2017-07-14 00:00:00 -0400,
FIRST-s535s7ef,-10.0,percentage,0,1,Active,2017-07-14 00:00:00 -0400,
FIRST-8sfc5fc3,-10.0,percentage,0,1,Active,2017-07-14 00:00:00 -0400,
FIRST-ac68ba3b,-10.0,percentage,0,1,Active,2017-07-14 00:00:00 -0400,
FIRST-82df35a4,-10.0,percentage,0,1,Active,2017-07-14 00:00:00 -0400,
FIRST-3fst37te,-10.0,percentage,0,1,Active,2017-07-14 00:00:00 -0400,
FIRST-t744624a,-10.0,percentage,0,1,Active,2017-07-14 00:00:00 -0400,
FIRST-5663583f,-10.0,percentage,0,1,Active,2017-07-14 00:00:00 -0400,
FIRST-b65d8dt7,-10.0,percentage,0,1,Active,2017-07-14 00:00:00 -0400,
FIRST-3d4e6d67,-10.0,percentage,0,1,Active,2017-07-14 00:00:00 -0400,
FIRST-fase43bs,-10.0,percentage,0,1,Active,2017-07-14 00:00:00 -0400,
FIRST-3t44363c,-10.0,percentage,0,1,Active,2017-07-14 00:00:00 -0400,
FIRST-taa32569,-10.0,percentage,0,1,Active,2017-07-14 00:00:00 -0400,
FIRST-ff4btcas,-10.0,percentage,0,1,Active,2017-07-14 00:00:00 -0400,
FIRST-cs2satd6,-10.0,percentage,0,1,Active,2017-07-14 00:00:00 -0400,
FIRST-a4c994a9,-10.0,percentage,0,1,Active,2017-07-14 00:00:00 -0400,
FIRST-e344st35,-10.0,percentage,0,1,Active,2017-07-14 00:00:00 -0400,
FIRST-s5243a2e,-10.0,percentage,0,1,Active,2017-07-14 00:00:00 -0400,
FIRST-tatsbes7,-10.0,percentage,0,1,Active,2017-07-14 00:00:00 -0400,
FIRST-fc89ccet,-10.0,percentage,0,1,Active,2017-07-14 00:00:00 -0400,
FIRST-5a3898b6,-10.0,percentage,0,1,Active,2017-07-14 00:00:00 -0400,
FIRST-cdc7t298,-10.0,percentage,0,1,Active,2017-07-14 00:00:00 -0400,
FIRST-f7bbc9d4,-10.0,percentage,0,1,Active,2017-07-14 00:00:00 -0400,
FIRST-922bs36b,-10.0,percentage,0,1,Active,2017-07-14 00:00:00 -0400,
FIRST-dat8cfa3,-10.0,percentage,0,1,Active,2017-07-14 00:00:00 -0400,
FIRST-c98da5df,-10.0,percentage,0,1,Active,2017-07-14 00:00:00 -0400,
FIRST-a38439td,-10.0,percentage,0,1,Active,2017-07-14 00:00:00 -0400,
FIRST-4stfsfe7,-10.0,percentage,0,1,Active,2017-07-14 00:00:00 -0400,
FIRST-3ss28473,-10.0,percentage,0,1,Active,2017-07-14 00:00:00 -0400,
FIRST-8dcat34a,-10.0,percentage,0,1,Active,2017-07-14 00:00:00 -0400,
FIRST-d537e4a7,-10.0,percentage,0,1,Active,2017-07-14 00:00:00 -0400,
FIRST-fffaeft3,-10.0,percentage,0,1,Active,2017-07-14 00:00:00 -0400,
FIRST-d9f9d5d9,-10.0,percentage,0,1,Active,2017-07-14 00:00:00 -0400,
FIRST-ee5dt69f,-10.0,percentage,0,1,Active,2017-07-14 00:00:00 -0400,
FIRST-dt2a6bdc,-10.0,percentage,0,1,Active,2017-07-14 00:00:00 -0400,
FIRST-ac7fdt8t,-10.0,percentage,0,1,Active,2017-07-14 00:00:00 -0400,
FIRST-ac54385t,-10.0,percentage,0,1,Active,2017-07-14 00:00:00 -0400,
FIRST-423889d9,-10.0,percentage,0,1,Active,2017-07-14 00:00:00 -0400,
FIRST-64s5tda9,-10.0,percentage,0,1,Active,2017-07-14 00:00:00 -0400,
FIRST-aatc6de8,-10.0,percentage,0,1,Active,2017-07-14 00:00:00 -0400,
FIRST-c9c47774,-10.0,percentage,0,1,Active,2017-07-14 00:00:00 -0400,
FIRST-4a4bd989,-10.0,percentage,0,1,Active,2017-07-14 00:00:00 -0400,
FIRST-a594tfd8,-10.0,percentage,0,1,Active,2017-07-14 00:00:00 -0400,
FIRST-bfdsdsse,-10.0,percentage,0,1,Active,2017-07-14 00:00:00 -0400,
FIRST-4374sc32,-10.0,percentage,0,1,Active,2017-07-14 00:00:00 -0400,
FIRST-4dt7stec,-10.0,percentage,0,1,Active,2017-07-14 00:00:00 -0400,
FIRST-baa4s3bc,-10.0,percentage,0,1,Active,2017-07-14 00:00:00 -0400,
FIRST-3ef75674,-10.0,percentage,0,1,Active,2017-07-14 00:00:00 -0400,
FIRST-d2es8sef,-10.0,percentage,0,1,Active,2017-07-14 00:00:00 -0400,
FIRST-2ce28be3,-10.0,percentage,0,1,Active,2017-07-14 00:00:00 -0400,
FIRST-f3bbs46t,-10.0,percentage,0,1,Active,2017-07-14 00:00:00 -0400,
MATTRESS250,-250.0,fixed_amount,0,,Active,2017-07-10 05:49:08 -0400,
TRACK100,-100.0,fixed_amount,23,,Active,2017-07-10 05:14:52 -0400,
FOUNDERSHIELD,-200.0,fixed_amount,0,,Active,2017-07-09 20:27:07 -0400,
GBM50,-50.0,fixed_amount,0,,Active,2017-07-06 14:36:30 -0400,
AZURE200,-200.0,fixed_amount,2,,Active,2017-06-21 14:21:11 -0400,
BEN250,-250.0,fixed_amount,1,2,Active,2017-06-21 10:20:58 -0400,
MATTEO200,-200.0,fixed_amount,4,,Active,2017-06-20 14:25:50 -0400,
AIRRUSSELL,-50.0,fixed_amount,0,,Active,2017-06-16 13:25:18 -0400,
AIRCAROLYN,-50.0,fixed_amount,0,,Active,2017-06-16 13:23:28 -0400,
EIGHTFRIEND,-200.0,fixed_amount,2,,Active,2017-06-15 17:00:56 -0400,
CENTSABLE50,-50.0,fixed_amount,0,,Active,2017-06-14 10:44:45 -0400,
REBECCA50,-50.0,fixed_amount,5,,Active,2017-06-13 12:40:45 -0400,
DAILYMOM50,-50.0,fixed_amount,0,,Active,2017-06-09 10:31:28 -0400,
LIV50,-50.0,fixed_amount,0,,Active,2017-06-08 13:06:35 -0400,
BUNDLE200,-200.0,fixed_amount,0,,Active,2017-06-07 13:08:52 -0400,
EMAIL50,-50.0,fixed_amount,0,,Active,2017-06-07 11:42:22 -0400,
BUSYMOMMY,-50.0,fixed_amount,0,,Active,2017-06-07 10:28:21 -0400,
SHERPAHYBRID,-75.0,fixed_amount,10,,Active,2017-06-06 16:52:18 -0400,
BED100,-100.0,fixed_amount,0,,Active,2017-06-06 11:05:32 -0400,
SLEEPSMART,-50.0,fixed_amount,0,,Active,2017-06-02 11:25:34 -0400,
IFTTT10,-10.0,percentage,0,,Active,2017-05-31 15:21:02 -0400,
IFTTT,-150.0,fixed_amount,0,,Active,2017-05-31 13:08:04 -0400,
ALIYOGA50,-50.0,fixed_amount,0,,Active,2017-05-30 17:25:38 -0400,
COUPONCAUSE50,-50.0,fixed_amount,7,,Active,2017-05-30 17:15:42 -0400,
GIRL50,-50.0,fixed_amount,1,,Active,2017-05-30 16:55:24 -0400,
GOODBED50,-50.0,fixed_amount,8,,Active,2017-05-30 16:53:33 -0400,
JORDAN50,-50.0,fixed_amount,0,,Active,2017-05-30 16:31:54 -0400,
KOUPONING50,-50.0,fixed_amount,0,,Active,2017-05-30 16:26:00 -0400,
MATTRESSCLARITY,-50.0,fixed_amount,1,,Active,2017-05-30 16:22:32 -0400,
MATTRESSINSIDERS50,-50.0,fixed_amount,0,,Active,2017-05-30 16:16:09 -0400,
REVIEWSTER50,-50.0,fixed_amount,1,,Active,2017-05-30 15:51:51 -0400,
SLEEPSHERPA50,-50.0,fixed_amount,0,,Active,2017-05-30 15:18:19 -0400,
TWNSPECIAL50,-50.0,fixed_amount,0,,Active,2017-05-30 15:03:01 -0400,
SUNNYDAY50,-50.0,fixed_amount,0,,Active,2017-05-30 14:45:13 -0400,
TOPDOWN50,-50.0,fixed_amount,0,,Active,2017-05-30 14:33:14 -0400,
STRIVEHERE35,-35.0,fixed_amount,1,,Active,2017-05-22 14:49:39 -0400,
FIRSTMARK,-200.0,fixed_amount,0,,Active,2017-05-16 17:40:11 -0400,
THESLEEPJUDGE,-50.0,fixed_amount,17,,Active,2017-05-15 11:59:06 -0400,
STRIVEHERE,-50.0,fixed_amount,1,,Active,2017-05-09 00:00:00 -0400,
IVY,-100.0,fixed_amount,0,,Active,2017-05-08 00:00:00 -0400,
COUPONCAUSE35,-35.0,fixed_amount,11,,Active,2017-05-02 00:00:00 -0400,
RETURN50,-50.0,fixed_amount,0,,Active,2017-04-30 00:00:00 -0400,
20VC,-20.0,percentage,1,,Active,2017-04-20 00:00:00 -0400,
GOODBED35,-35.0,fixed_amount,0,,Active,2017-04-05 00:00:00 -0400,
MATTRESSCLARITY35,-35.0,fixed_amount,1,,Active,2017-04-03 00:00:00 -0400,
REVIEWSTER35,-35.0,fixed_amount,0,,Active,2017-04-03 00:00:00 -0400,
SLEEPOPOLIS,-50.0,fixed_amount,18,,Active,2017-03-31 00:00:00 -0400,
FRIENDS250,-250.0,fixed_amount,33,,Active,2017-03-20 00:00:00 -0400,
KOUPONING35,-35.0,fixed_amount,0,,Active,2017-03-01 00:00:00 -0500,
SUNNYDAY35,-35.0,fixed_amount,0,,Active,2017-03-01 00:00:00 -0500,
JORDAN35,-35.0,fixed_amount,0,,Active,2017-02-23 00:00:00 -0500,
MATTRESSINSIDERS35,-35.0,fixed_amount,0,,Active,2017-02-23 00:00:00 -0500,
SLEEPOPOLIS35,-35.0,fixed_amount,0,,Active,2017-02-23 00:00:00 -0500,
TWNSPECIAL35,-35.0,fixed_amount,0,,Active,2017-02-23 00:00:00 -0500,
GIRL35,-35.0,fixed_amount,0,,Active,2017-02-23 00:00:00 -0500,
SLEEPSHERPA35,-35.0,fixed_amount,0,,Active,2017-02-23 00:00:00 -0500,
TOPDOWN35,-35.0,fixed_amount,0,,Active,2017-02-23 00:00:00 -0500,
TRACKSLEEP35,-35.0,fixed_amount,6,,Active,2017-02-23 00:00:00 -0500,
YC400,-400.0,fixed_amount,0,,Active,2017-02-23 00:00:00 -0500,
YC250,-250.0,fixed_amount,4,,Active,2017-02-23 00:00:00 -0500,
GOOGLE250,-250.0,fixed_amount,0,,Active,2017-02-23 00:00:00 -0500,
FRIENDS225,-225.0,fixed_amount,0,,Active,2017-02-23 00:00:00 -0500,
YCGIFT,-125.0,fixed_amount,2,,Active,2017-11-01 00:00:00 -0400,
REFER100,-100.0,fixed_amount,88,,Active,2017-02-23 00:00:00 -0500,
